{"none": 0.6770801848093614, "php\n": 0.025001079493933244, "php": 0.051535040373073104, "htm": 0.007556457532708666, "htm\n": 0.007707586683362839, "html\n": 0.015717431668034024, "html": 0.09486592685349109, "com&amp": 2.1589878664881905e-05, "5\n": 4.317975732976381e-05, "ja\n": 2.1589878664881905e-05, "pl\n": 4.317975732976381e-05, "\n": 4.317975732976381e-05, "porky\n": 2.1589878664881905e-05, "com\n": 0.0005613368452869295, "america\n": 2.1589878664881905e-05, "authentication\n": 2.1589878664881905e-05, "co": 2.1589878664881905e-05, "cgi": 8.635951465952762e-05, "login\n": 0.00010794939332440952, "js": 0.012306230838982685, "aspx": 0.0060883457834966966, "Goe\n": 4.317975732976381e-05, "ts\n": 2.1589878664881905e-05, "2003\n": 2.1589878664881905e-05, "av\n": 2.1589878664881905e-05, "phtml\n": 0.0001295392719892914, "jhtml": 2.1589878664881905e-05, "pdf\n": 0.0001295392719892914, "br\n": 4.317975732976381e-05, "shtm\n": 0.00015112915065417334, "loi8788\n": 4.317975732976381e-05, "ob\n": 2.1589878664881905e-05, "update\n": 2.1589878664881905e-05, "dhl-com\n": 0.00010794939332440952, "3D253\n": 2.1589878664881905e-05, "well-known\n": 2.1589878664881905e-05, "ae\n": 2.1589878664881905e-05, "update-your-account-information\n": 2.1589878664881905e-05, "mun\n": 2.1589878664881905e-05, "aspx\n": 0.00023748866531370094, "exe\n": 2.1589878664881905e-05, "ttf\n": 2.1589878664881905e-05, "woff\n": 2.1589878664881905e-05, "go(-1)\n": 2.1589878664881905e-05, "js\n": 4.317975732976381e-05, "do": 0.014875426400103631, "action": 4.317975732976381e-05, "png\n": 0.0001295392719892914, "PDF\n": 2.1589878664881905e-05, "api-resolve-module-2Fen-us2F&rver0&wpMBI-SSL&wreply&rver0&wpMBI-SSL&wreply&rver0&wpMBI-SSL&wreply\n": 2.1589878664881905e-05, "service\n": 4.317975732976381e-05, "asp\n": 0.00023748866531370094, "go\n": 4.317975732976381e-05, "jpg\n": 0.0001295392719892914, "shtml\n": 8.635951465952762e-05, "md\n": 2.1589878664881905e-05, "pdf": 0.00010794939332440952, "i\n": 2.1589878664881905e-05, "apk": 2.1589878664881905e-05, "7z\n": 4.317975732976381e-05, "exe": 2.1589878664881905e-05, "gif\n": 2.1589878664881905e-05, "cn\n": 2.1589878664881905e-05, "xml\n": 2.1589878664881905e-05, "pl": 0.0017271902931905523, "mp4": 2.1589878664881905e-05, "png": 0.00019430890798393714, "ftl": 2.1589878664881905e-05, "pd\n": 4.317975732976381e-05, "Docs\n": 2.1589878664881905e-05, "jsp\n": 2.1589878664881905e-05, "dll": 4.317975732976381e-05, "bs": 2.1589878664881905e-05, "ashx": 2.1589878664881905e-05, "bb\n": 2.1589878664881905e-05, "jspa": 6.47696359946457e-05, "217496576": 2.1589878664881905e-05, "754\n": 2.1589878664881905e-05, "eml\n": 2.1589878664881905e-05, "gru\n": 2.1589878664881905e-05, "wssp\n": 2.1589878664881905e-05, "HTML\n": 4.317975732976381e-05, "css": 0.0016408307785310246, "-1-2014": 2.1589878664881905e-05, "cox": 0.001338572477222678, "torrent": 0.03946629819940412, "page": 0.004210026339651971, "chn": 0.011982382659009456, "shtml": 0.0018783194438447256, "start": 0.010104063215164731, "l7": 0.0015328813852066151, "H7": 8.635951465952762e-05, "B7": 0.0011658534479036227, "U7": 8.635951465952762e-05, "json": 0.00010794939332440952, "8em": 4.317975732976381e-05, "send": 0.00010794939332440952, "T7": 4.317975732976381e-05, "b7": 0.00045338745196251996, "G7": 6.47696359946457e-05, "2015": 2.1589878664881905e-05, "67": 4.317975732976381e-05, "asp": 0.0001295392719892914, "jpg": 0.0007772356319357486, "Id%7D%7D": 4.317975732976381e-05, "g7": 6.47696359946457e-05, "jsp": 0.0031953020424025217, "svg": 2.1589878664881905e-05, "ico": 2.1589878664881905e-05, "a7": 0.00015112915065417334, "44bn-airport-project-in-bagerhat": 2.1589878664881905e-05, "4-billion-mobile-video-push": 2.1589878664881905e-05, "swf": 4.317975732976381e-05, "A7": 0.00032384817997322855, "ars": 2.1589878664881905e-05, "%20%D0%A0%D0%B8%D1%82%D1%82%D0%B5%D1%80": 2.1589878664881905e-05, "32%E8%A7%92": 2.1589878664881905e-05, "htc": 2.1589878664881905e-05, "ThumbUrl%7D%7D": 2.1589878664881905e-05, "eot": 2.1589878664881905e-05, "xml": 4.317975732976381e-05, "1-million-at-ny-auction": 2.1589878664881905e-05, "03%E5%84%84": 2.1589878664881905e-05, "07%E5%85%83": 2.1589878664881905e-05, "E": 2.1589878664881905e-05, "org-project": 2.1589878664881905e-05, "54%E5%85%83-%E8%99%A7%E6%90%8D%E6%93%B4%E5%A4%A7": 2.1589878664881905e-05, "2-million-hot-pursuit-flounders": 2.1589878664881905e-05, "com-journalist-threatened-for-protesting-against-ananta-murder": 2.1589878664881905e-05, "5%E5%85%83-%E4%B8%8B%E5%8D%8A%E5%B9%B4%E7%86%B1": 2.1589878664881905e-05, "45%E5%85%83-%E9%80%A3%E8%B3%BA%E5%9B%9B%E5%AD%A3": 2.1589878664881905e-05, "7-million": 2.1589878664881905e-05, "994-declaracoes": 2.1589878664881905e-05, "10%E4%BB%A3%E8%99%9F%E7%A2%BA%E8%AA%8D": 2.1589878664881905e-05, "97": 2.1589878664881905e-05, "6-billion-project-to-hook-up-to-the-second-submarine-cable": 2.1589878664881905e-05, "org-platform-amid-net-neutrality-debate-in-india": 2.1589878664881905e-05, "5%E5%85%86": 2.1589878664881905e-05, "05%E5%85%83-%E7%87%9F%E5%BB%BA%E5%89%8D%E6%AE%B5%E7%8F%AD": 2.1589878664881905e-05, "m7": 4.317975732976381e-05, "97%E5%85%83": 2.1589878664881905e-05, "java": 2.1589878664881905e-05, "93%E5%85%83-%E6%8E%A8Type-C%E7%94%A2%E5%93%81%E6%96%B9%E6%A1%88": 2.1589878664881905e-05, "01%E5%85%83-Q2%E5%B0%87%E5%8A%A0%E6%BA%AB": 2.1589878664881905e-05, "31%E5%85%83-17%E5%AD%A3%E4%BD%8E%E9%BB%9E": 2.1589878664881905e-05, "23%E5%85%83": 2.1589878664881905e-05, "5%E8%90%AC%E5%BC%B5%E9%87%8F-%E5%A8%81%E7%9B%9B%E5%96%9C%E7%99%BB%E5%A4%A9": 2.1589878664881905e-05, "9%EF%BC%85": 2.1589878664881905e-05, "53%E5%85%83-%E6%9C%AC%E6%A5%AD%E7%BA%8C%E6%97%BA": 2.1589878664881905e-05, "33%E5%85%83-%E7%8D%B2%E5%88%A9%E7%A9%A9%E5%81%A5": 2.1589878664881905e-05, "52%E5%85%83-%E5%BE%8C%E5%B8%82%E7%9C%8B%E6%97%BA": 2.1589878664881905e-05, "63%E5%85%83-%E5%85%AB%E5%AD%A3%E6%96%B0%E9%AB%98": 2.1589878664881905e-05, "jpeg": 0.00036702793730299235, "axd": 0.0004965672092922838, "27%E5%85%83-%E6%9C%AC%E5%AD%A3%E5%B0%87%E6%9B%B4%E6%97%BA": 2.1589878664881905e-05, "M%E7%9A%84%E6%95%85%E4%BA%8B": 2.1589878664881905e-05, "%E5%85%AB%E5%AE%B6%E5%B0%87-%E4%B8%AD%E6%AD%A3%E7%B4%80%E5%BF%B5%E5%A0%82%E4%BA%92%E5%B0%AC%EF%BC%9F": 2.1589878664881905e-05, "-%D8%A3%D9%85-%D9%88%D9%81%D8%A7%D9%82": 2.1589878664881905e-05, "%E5%B0%8D%E6%89%8B": 2.1589878664881905e-05, "fcc": 2.1589878664881905e-05, "%E9%99%BD%E5%BB%BA%E7%A6%8F-%E8%80%81%E5%B0%87%E5%91%BD%E9%81%8B%E5%A4%A7%E4%B8%8D%E5%90%8C": 2.1589878664881905e-05, "": 2.1589878664881905e-05, "5%EF%BC%85": 2.1589878664881905e-05, "%D9%88%D8%AA%D9%81%D8%B4%D9%84": 2.1589878664881905e-05, "%D8%A7%D9%84%D8%A5%D8%AD%D8%AA%D8%B1%D8%A7%D9%81": 2.1589878664881905e-05, "%D8%A5%D9%86%D8%B7%D9%84%D8%A7%D9%82-%D8%A3%D9%88%D9%84-%D9%85%D8%B7%D8%B9%D9%85-%D9%85%D8%AA%D9%86%D9%82%D9%84-%D9%81%D9%89-%D8%B4%D9%88%D8%A7%D8%B1%D8%B9-%D8%AF%D8%A8%D9%89": 2.1589878664881905e-05,